Account Name,Building (New Naming Convention),# of Employees cop,Industry,Description,Website
12 Hall Street Storage,,,,,
Aclima,,,,,
Adele Kaufman,,,,,
All County Business Essentials,,,,"Industry: Manufacturers & Distributors, Sub Industry: Transportation",
American Heirloom,,,,"Industry: Manufacturers & Distributors, Sub Industry: Furniture & Homegoods",
Annie's Ginger Elixir,,,,"Industry: Manufacturers & Distributors, Sub Industry: Food & Bev Production",
Aquis Hairsciences Inc,,,,"Industry: Manufacturers & Distributors, Sub Industry: Beauty & Personal Care",
Arplast Corp,,,,"Industry: Manufacturers & Distributors, Sub Industry: Fabrication & Custom Installation (Wood & Metal)",| Arplast Poly & Packaging Inc. | Packaging Solutions and Supplies to Fill Every Need (arplastpolybags.com)
Ayo Labs,,,,New tenant lease notice as of March 2024.,
Bats-Toi,,,,&Apparel & Accessory; Wearables,
Biomific,,,,,
Blueprint Power,,,,,Blueprint Power
Brachs Linen,,,,"Industry: Manufacturers & Distributors, Sub Industry: Furniture & Homegoods",
Brianna Calello,,,,"Industry: Services, Artists, & Designers, Sub Industry: Fine Art & Photography",
Brooklinen,,,,"Lease amendment extension notice in November 2024. 

Industry: Manufacturers & Distributors, Sub Industry: Furniture & Homegoods",
Brooklyn Navy Yard Development Corporation aka BNYDC,,,,,https://www.brooklynnavyyard.org/
Brooklyn Stone & Tile,,,,"Industry: Manufacturers & Distributors, Sub Industry: Fabrication & Custom Installation (Wood & Metal)",
Brooklyn Storehouse LLC (formerly Broadwick Group Limited & TCE Presents LLC,,,,Services and Designers,https://broadwick.com/
Building 131 LLC.,,,,,
Care/Of,,,,"Industry: Manufacturers & Distributors, Sub Industry: Health Care",
Carleen Sheehan,,,,"Lease renewal as of July 2024.

No separate account in SF.",
Chapter and Verse,,,,Furniture and design studio,
Circumference Products,,,,"Industry: Manufacturers & Distributors, Sub Industry: Beauty & Personal Care",
City Growers,,,,"Industry: Services, Artists, & Designers, Sub Industry: Education & Nonprofit",
Citywide Ferry,,,,,
Cohesive Robotics aka Fit to Forge Inc.,,,,"Industry: Manufacturers & Distributors, Sub Industry: Hardware, Software, & Design Engineering",https://cohesiverobotics.com
"DDG Frameshop aka Donald Gatanic Framing, Inc",,,,"Industry: Services, Artists, & Designers, Sub Industry: Fine Art & Photography

Only takes appointments.",https://www.ddgframeshop.com/
DIVISION NYC,,,,,
EcoLogic Solutions,,,,"Cleaning & Industrial Products, Sustainability, B Corp",
Emissionsless,,,,,Zero-Emissions Logistics | Emissionless
Estudio Piedras aka Vicente Munoz   Photography,,,,"Industry: Manufacturers & Distributors, Sub Industry: Furniture & Homegoods

Lease renewed in July 2024.",
Everstar AI,,,,,
"First Response Contracting, LLC",,,,"Industry: Services, Artists, & Designers, Sub Industry: Contracting & Construction",
Food 52,,,,"Food52 is a food and home brand that combines recipes, community content, and a curated shop of kitchen and home goods. ",www.food52.com 
Ford Smith aka A1 Messenger Service,,,,"Industry: Services, Artists, & Designers, Sub Industry: Fine Art & Photography",
Ground Cloth aka Louisa Thompson,,,,"Industry: Manufacturers & Distributors, Sub Industry: Creative Office & Media",
Hell Yes Design Studio,,,,"Industry: Services, Artists, & Designers, Sub Industry: Creative Office & Media",
Ian Salter Studios (Navy Studio Member),,,,"Industry: Services, Artists, & Designers, Sub Industry: Creative Office & Media",
Jack Herzog Art,,,,"Industry: Services, Artists, & Designers, Sub Industry: Fine Art & Photography",
JC CANCEDDA PHOTOGRAPHY,,,,"Industry: Services, Artists, & Designers, Sub Industry: Fine Art & Photography",
John Shorb,,,,"Industry: Services, Artists, & Designers, Sub Industry: Fine Art & Photography",
Jon Besch,,,,"Industry: Manufacturers & Distributors, Sub Industry: Fabrication & Custom Installation (Wood & Metal)",JON BESCH CUSTOM
Kestenbaum & Company Inc,,,,"Industry: Services, Artists, & Designers, Sub Industry: Other (Mostly Professional Services)",
Kintra Fibers,,,,"Biodegradable Polyester Alternative, Materials Innovation, Sustainability, Life Sciences",
Knowledge Futures,,,,,
Lauren Shooster Studio,,,,"Industry: Services, Artists, & Designers, Sub Industry: Fine Art & Photography",
Legacy J Studios,,,,"Industry: Services, Artists, & Designers, Sub Industry: Fine Art & Photography",
Matt Harrington Photography,,,,"Industry: Services, Artists, & Designers, Sub Industry: Fine Art & Photography",
Metafactory,,,,"New GBMI subtenant in November 2024. 

Storage and fulfillment.	",
Michael Asente,,,,"Industry: Services, Artists, & Designers, Sub Industry: Fine Art & Photography

Tenant noted executed a Lease Renewal in June 2024 with Monique Luchetti.",
Mimic,,,,,Mimic Ransomware Defense
Miroslava Romanova,,,,"Industry: Services, Artists, & Designers, Sub Industry: Fine Art & Photography",
Mochanson Corp,,,,"Industry: Services, Artists, & Designers, Sub Industry: Other (Mostly Professional Services)",
Modos Furniture,,,,"Industry: Manufacturers & Distributors, Sub Industry: Furniture & Homegoods",
Monique Luchetti,,,,"Industry: Services, Artists, & Designers, Sub Industry: Fine Art & Photography

Tenant noted executed a Lease Renewal in June 2024 with Michael Asente.",
New System Ventures,,,,"Industry: Services, Artists, & Designers, Sub Industry: Other (Mostly Professional Services)",
Optique Elegance,,,,"Eyeglass Prototyping & E-commerce (Shipping, and Warehousing)",
Patina Studios,,,,"Industry: Manufacturers & Distributors, Sub Industry: Furniture & Homegoods",
Patten Studio aka D Plus I,,,,"Industry: Services, Artists, & Designers, Sub Industry: Creative Office & Media",
pH7 Natural Beauty Inc,,,,"Nail Care, Hand and Foot Care Products, Non-toxic, E-commerce Retail",
Poise NYC,,,,"Industry: Services, Artists, & Designers, Sub Industry: Creative Office & Media",
SAMAP USA,,,,"Project Management, Technical and Logistic Consulting for Luxury Furniture Installations for Large Commercial/Retail Clients",SAMAP | Luxury furniture installers (samapusa.com)
Sensofar,,,,"Industry: Manufacturers & Distributors, Sub Industry: Hardware, Software, & Design Engineering",
SinkCo,,,,,
SolarMelts,,,,"Industry: Manufacturers & Distributors, Sub Industry: Biotech, Lab & Medtech",
Stillleben,,,,"Industry: Services, Artists, & Designers, Sub Industry: Fine Art & Photography",
Thalo Labs,,,,"Industry: Manufacturers & Distributors, Sub Industry: Power & Energy",
The Black Cake Company,,,,"Industry: Manufacturers & Distributors, Sub Industry: Food & Bev Production",
Thermoverse,,,,,
Thrya Heder - Sublease,,,,,
Tracey Tanner,,,,"Industry: Manufacturers & Distributors, Sub Industry: Furniture & Homegoods",
Twenty04,,,,,
URBAN-X,,,,"Industry: Services, Artists, & Designers, Sub Industry: Other (Mostly Professional Services)",
vintageloftny,,,,"Industry: Services, Artists, & Designers, Sub Industry: Apparel & Accessory",
Ware of the Dog,,,,"Industry: Services, Artists, & Designers, Sub Industry: Apparel & Accessory",
William Falk Wallace,,,,"Industry: Manufacturers & Distributors, Sub Industry: Fabrication & Custom Installation (Wood & Metal)",
Bike New York,88,30,Education & Nonprofit,Bike mechanic education for justice involved persons,https://www.bike.nyc/
Brooklyn Book Bodega,77,5,Education & Nonprofit,"Literacy, Children, Donations",https://www.brooklynbookbodega.org/book-drop-location
Brooklyn Greenway Initiative,100,7,Education & Nonprofit,"Contracting & Construction, public space",https://www.brooklyngreenway.org/
"Brooklyn Workforce Innovations aka Leap, Inc.",92,16,Education & Nonprofit,"Employment Center, Job Training",https://bwiny.org/?gclid=EAIaIQobChMInfnjz8iTgAMVirbICh2Jqw5gEAAYASAAEgKjivD_BwE
BTFA Collective,77,1,Education & Nonprofit,"Arts, LGBTQIA",https://www.btfacollective.org/
Dieu Donne,88,11,Education & Nonprofit,Papermaking education and collective,https://www.dieudonne.org/
HITN Inc.,33,49,Education & Nonprofit,A & H C Designs Corp,https://www.hitn.org/
Little Essentials,240,3,Education & Nonprofit,"Clothing, Maternity and Baby Goods",https://www.littleessentials.org/
One Community,,,Education & Nonprofit,Food Pantry,
Terreform ONE,212,11,Education & Nonprofit,"501c3; Art, Architecture, and Urban Design research group, Sustainability",https://www.terreform.org/
Adam Elstein Studio,77,1,Fine Art & Photography,"Architectural photographer, Pratt Adjunct Professor",https://www.adamelstein.com/
Alsop Studios,77,2,Fine Art & Photography,"Photography, Commercial Art, Product Photography",https://www.linkedin.com/in/ben-alsop-51303292/
Alyson Shotz Studio LLC,240,1,Fine Art & Photography,Fine art,https://www.google.com/search?q=alyson+shotz&rlz=1C1VDKB_enUS1120US1120&oq=alyson+shotz&gs_lcrp=EgZjaHJvbWUqBggAEEUYOzIGCAAQRRg7MgYIARBFGEAyBggCEEUYPNIBCDE5MzVqMGo3qAIAsAIA&sourceid=chrome&ie=UTF-8
Andrea Rosen Gallery Inc.,140,2,Fine Art & Photography,Artist Rep,https://www.andrearosengallery.com/
Anne Ballard Peabody,77,16,Fine Art & Photography,"Sculpture, Installation, Drawing, Performance Art",https://www.annepeabody.com/
Anne Collier,140,3,Fine Art & Photography,"Photography, High Profile",https://en.wikipedia.org/wiki/Anne_Collier
Area 1202,140,77,Fine Art & Photography,"Photography, Video, Commercial Art, Fashion",http://www.area1202.com/
Barbara Gallucci,97,2,Fine Art & Photography,"Sculpture, Installation, Photography, Design",https://www.barbaragallucci.com/
Barronarts,,,Fine Art & Photography,"Fine Art and Photography Frames, Canvases",
Ben Thorp Brown,88,1,Fine Art & Photography,Photgraphy studio,https://www.benthorpbrown.com/
Beth Campbell Studio,88,1,Fine Art & Photography,"Sculpture, Ceramics, Object Work",https://bethcampbellstudio.com/
BREAKFAST,303,22,Fine Art & Photography,"Tech Art, Climate",https://breakfaststudio.com/
Brooklyn Clay Industries,103,4,Fine Art & Photography,Pottery Studio,https://www.brooklynclayindustries.com/
Bryson Brodie,,1,Fine Art & Photography,Painting,https://www.brysonbrodie.com/
BVG Digital,77,,Fine Art & Photography,Photography equipment storage,
Cameron Martin,209,1,Fine Art & Photography,Digital Painting,http://www.cameronmartin.info/
Candace Howe Studios,77,4,Fine Art & Photography,"Photography, Commercial Art, Portraits, Maternity",https://candacehowestudios.com/
Cason Latimer Studio,212,6,Fine Art & Photography,"Photography, Video, Commerical Product Photography",https://casonlatimer.com/
Cecilia Ruiz,103,1,Fine Art & Photography,Illustration,https://www.ceciliaruiz.com/
Chalet Studio aka Travis Rathbone Studio,303,8,Fine Art & Photography,"Photography, Commercial Art, Product Photography",https://www.travisrathbone.com/
Charline Von Heyl,88,3,Fine Art & Photography,Painting,https://en.wikipedia.org/wiki/Charline_von_Heyl
Charlotta Westergren,103,1,Fine Art & Photography,"Painting, Sculpture",https://charlottawestergren.com/
Chelsie Craig,77,1,Fine Art & Photography,"Photography, Commercial Art, Product Photography",https://chelsiecraig.studio/
Claudio F. D'Alberti,240,2,Fine Art & Photography,Painting,https://www.instagram.com/claudiodart/
Conjunction Arts aka Collaborative Urban Sculpture,209,1,Fine Art & Photography,Artist Collective,https://conjunctionarts.com/
Dan Roth Studio,77,1,Fine Art & Photography,Sculpture,https://www.danrothstudio.com/
Dennis Kardon Studio aka 811 Studio,88,4,Fine Art & Photography,"Painting, Writer & Critic, Sculpture, Multi-Media, Sculpture, High-Profile",https://www.denniskardon.com/
Donovan Studios,212,6,Fine Art & Photography,"Sculpture, High-Profile",https://en.wikipedia.org/wiki/Tara_Donovan
Downing Frames,303,26,Fine Art & Photography,Frames,https://downingframes.com/
Duke Riley,344,1,Fine Art & Photography,"Sculpture, Mosaic, Multimedia, Performance, High-Profile",http://www.dukeriley.info/
Dwight Cassin,240,1,Fine Art & Photography,Video Production and Sculpture,
Elizabeth Yamin,103,1,Fine Art & Photography,Painting,https://www.elizabethyamin.net/
Ellie Rae Hunter Studio,,,Fine Art & Photography,,
Eric Forman Studio,100,4,Fine Art & Photography,Installation,https://www.ericforman.com/
Ethan Cook Studio,,,Fine Art & Photography,Painting,
Eve Havlicek & Marco Lopez Arias,97,3,Fine Art & Photography,Drawing,https://www.linkedin.com/in/eve-havlicek-40b2262b/
Fig House Studios,88,11,Fine Art & Photography,"Fine Art Frames, Stretchers, Crates",https://www.fighousestudios.org/
Flowerbox Films LLC,212,2,Fine Art & Photography,Film equipment rental and film studio,https://www.flowerboxfilms.com/
Frank C Benson,77,1,Fine Art & Photography,,https://www.frankbenson.info/
Gedi Sibony aka the Toothfinder,33,5,Fine Art & Photography,"Sculpture, Painting, High Profile",https://www.greenenaftaligallery.com/artists/gedi-sibony
George Laws Weinberg,77,1,Fine Art & Photography,Mixed Media,"https://primo.getty.edu/primo-explore/fulldisplay?vid=GRI&tab=all_gri&docid=GETTY_ALMA21131174710001551&lang=en_US&context=L&query=creator,exact,Nauman,%20Bruce,%201941-"
Glenn Ligon Studio aka GKL Studio,212,4,Fine Art & Photography,"Sculpture, Installation, Video, Painting, High-Profile",https://www.glennligonstudio.com/
Greg Chann,86,1,Fine Art & Photography,Sculpture,https://www.instagram.com/grgchnn/
Gus Powell aka Sunny Sixteen,140,1,Fine Art & Photography,"Photography, Commercial Art, Fashion, Commercial Director",http://www.guspowell.com/
Hans Neumann,140,1,Fine Art & Photography,"Photography, Commercial Art",https://hansneumannphotography.com/
Heather Rowe Studio,240,2,Fine Art & Photography,"Sculpture, Installation",http://heatherrowestudio.com/
Hyesu Lee Illustration,103,2,Fine Art & Photography,"Illustration, Comic Artist",http://www.heyheysu.com/
Ivy Haldeman,140,1,Fine Art & Photography,Painting,https://www.instagram.com/that_ivy/
Jackie Meier Studio,240,2,Fine Art & Photography,Painting,https://www.instagram.com/jacqmeier/?hl=en
Jarel Phifer,77,1,Fine Art & Photography,Musician?,https://www.soundclick.com/jarelphifer
Jason Krugman Studio,212,6,Fine Art & Photography,"Sculpture, Lighting",http://www.jasonkrugman.com/
JJ Snyder Studio,209,15,Fine Art & Photography,Interior finishes and murals,https://jjsnyderstudio.com/
Joe Bradley Studio,86,1,Fine Art & Photography,"Painting, Commercial Art ",https://www.josephbradleystudio.com/
Joel Longenecker (& Carleen Sheehan),97,1,Fine Art & Photography,Painting,http://www.joellongenecker.com/
John Clement Studio,88,1,Fine Art & Photography,Sculpture,https://johnclementstudio.com/
John McDevitt King Studio,70,1,Fine Art & Photography,"Painting, Printmaking, Gemology",https://www.johnmcdevittking.net/
Jon Black aka A+,77,1,Fine Art & Photography,"Architecturally informed Sound Artist, Audio",https://www.linkedin.com/in/jon-black-263a78154/?locale=en_US
Jon Levy-Warren,,,Fine Art & Photography,Painting,
Joseph Peller Studio aka Dragonfly Studios,86,12,Fine Art & Photography,"Painting, Sculpture, Printmaking",https://www.josephpeller.com/index.php
Juan E Gomez,240,4,Fine Art & Photography,Painting,https://www.juaneduardogomez.com/
Juanita Berrio Lesmes and Jose Berrio Lesmes,140,2,Fine Art & Photography,"Illustration, Graphic Design",https://www.instagram.com/joseberriolesmes/?hl=en
Julia Rommel Studio,77,1,Fine Art & Photography,Painting,
Juliana Cerqueira Leite,77,2,Fine Art & Photography,Sculpture,https://www.julianacerqueiraleite.com/
Julie Ryan,103,1,Fine Art & Photography,"Painting, Illustration",https://www.instagram.com/lakejulieryan/?hl=en
KaiKai Kiki New York,77,1,Fine Art & Photography,Fine Art & Photography,http://en.gallery-kaikaikiki.com/about/
Karen Schifano Art,140,1,Fine Art & Photography,Painting,https://www.karenschifano.com/
Kate Quarfordt,77,2,Fine Art & Photography,"Painting, Collage, Mixed Media",http://www.katequarfordt.com/
Kathryn Robinson-Millen Ceramics,240,1,Fine Art & Photography,Sculpture,http://www.kathrynrmdesign.com/
Kickie Chudikova Studio,100,3,Fine Art & Photography,"Product Design, Furniture Design",https://www.kickiechudikova.com/
Kimmy Quilin,240,1,Fine Art & Photography,Painting,https://www.kimmyquillin.com/
Kiyan Williams Studio,,,Fine Art & Photography,"Industry: Services, Artists, & Designers, Sub Industry: Fine Art & Photography",
Lara Callahan Corp,77,5,Fine Art & Photography,"Photography, Commercial Art, Fashion",https://www.laracallahan.com/
Launa Eddy,86,1,Fine Art & Photography,"Sculpture, Painting, Drawing, Sets",https://www.launaeddy.com/
Ligorano Reese,97,4,Fine Art & Photography,"Tech Art, Installation, Video, Public Art",https://ligoranoreese.net/
Lindsay Walt,97,1,Fine Art & Photography,Painting,https://www.lindsaywalt.com/
Lorna Simpson Studio dba Shewolf Studio,77,5,Fine Art & Photography,"Photography, High Profile",
Luddite Studio,97,1,Fine Art & Photography,Art studio,https://www.artsy.net/artist/ella-kruglyanskaya
Maria Elena Gonzalez aka MEGE Studio,88,3,Fine Art & Photography,"Sculpture, Installation, Conceptual",https://en.wikipedia.org/wiki/Mar%C3%ADa_Elena_Gonz%C3%A1lez
Mark Giglio Studio/Carleen Sheehan Studio,97,8,Fine Art & Photography,"Decorative Painting, Residential Interiors, Commercial Art",https://www.carleensheehan.com/
Mason Nye Murals,97,11,Fine Art & Photography,"Muralist, Decorative Painting, Commercial and Residential",http://www.masonnyemurals.com/
Melissa Dubbin & Aaron S. Davidson Studio,88,3,Fine Art & Photography,"Scuplture, Conceptual, Biological and Mechanical Materials",https://www.dubbin-davidson.com/
Melissa Wagner aka Wagner Creative,97,3,Fine Art & Photography,Artist Studio & Boutique marketing agency - focus on women & design,https://www.wagner-creative.com/
Michelle Green Sculpture aka Metal Fabrication,140,1,Fine Art & Photography,"Sculpture, Metalwork, Welding",https://michellegreenesculpture.com/
Michelle Rosenberg Design,140,1,Fine Art & Photography,"Sculpture, Object Work",https://michellerosenberg.com/
Millie Benson Projects,77,1,Fine Art & Photography,Painting,https://www.milliebenson.com/
Minku Kim Studio,77,1,Fine Art & Photography,"Painting, Sculpture, Themes - Abstraction",http://minku.kim/
Mojo Wang Illustration,103,1,Fine Art & Photography,"Illustration, Comic Artist",http://mojowang.art/
Mondo Cane aka Patrick Parrish Gallery,77,5,Fine Art & Photography,Aritist Rep,https://www.patrickparrish.com/
MoNoCo Design,103,4,Fine Art & Photography,"Ceramics, E-commerce Retail",https://noelcopeland.com/
Myrna Gordon Sculpture,240,6,Fine Art & Photography,"Sculpture, Ceramics",
Nadia Belalia,140,4,Fine Art & Photography,"Object Work, Sculpture, Lighting",https://www.nadiabelalia.com/
Nancy Bowen Studio,97,11,Fine Art & Photography,"Scuplture, Drawing, Public Art",https://nancybowenstudio.com/
Naomi Katz Plotkin,140,1,Fine Art & Photography,Drawing,https://www.naomikatzplotkin.com/
Natalie Frank Studio,77,1,Fine Art & Photography,"Painting, Sculpture, Paper",http://www.natalie-frank.com/
Neon Lucid Dreams aka J Clyde,,,Fine Art & Photography,Artist Rep,
New York Art Conservation,77,12,Fine Art & Photography,"Conservation, Restoration",https://nyartconservation.com/
Nick Golebiewski,140,1,Fine Art & Photography,"Illustration, Painting",
Nicole Cherubini,70,7,Fine Art & Photography,Sculpture,https://www.nicolecherubini.com/
nycreative LLC aka Tracy Wuischpard,,,Fine Art & Photography,Painting,
Outloud,86,4,Fine Art & Photography,Art studio,https://www.suzannemcclelland.net/
Pamela Talese Studio,103,1,Fine Art & Photography,Painting,http://www.pamelatalese.com/
Patrick Shoemaker,77,5,Fine Art & Photography,Painting,https://www.annazorinagallery.com/artists/patrick-shoemaker/biography
Pattes de Mouche,103,1,Fine Art & Photography,"Illustration, Childrens Books",https://nina-summer.com/
Paul Campbell Studio,86,1,Fine Art & Photography,Painting,http://www.paulcampbellstudio.com/
Posterfix Corp,77,3,Fine Art & Photography,"Restoration, Conservation, Poster Art, E-commerce Retail",https://posterfix.myshopify.com/
Prior Pictures,77,1,Fine Art & Photography,Photography,https://thomasprior.com/
Rafael Ramirez,103,1,Fine Art & Photography,"Sculpture, Painting, Product Photography, Lighting Fixtures",
Ralph Summers aka Block Society Media,77,1,Fine Art & Photography,"Commercial Art, Photography, Graphic Design",https://www.instagram.com/blocksocietymedia/
Reversible Destiny Foundation,212,8,Fine Art & Photography,"Artist Rep (Shusaku Arakawa and Madeline Gins), Foundation",https://www.reversibledestiny.org/
Robin Sacks Decorative Painting,240,6,Fine Art & Photography,"Decorative Painting, Residential Interiors, Commercial Art",https://robinsacksnyc.com/
Ron Baron Studio,240,1,Fine Art & Photography,"Sculpture, Ceramics",https://www.ronbaron.net/
Sanxia Studio,70,6,Fine Art & Photography,"Painting, Mixed Media",https://www.mutualart.com/Artist/Ting-Yih/C5132AD9ACFD59A2
Sarah Palmer,77,1,Fine Art & Photography,"Painting, Collage, Photography; Faculty at Parsons and SVA",https://sarahpalmer.net/Index
Satoshi Photography,88,1,Fine Art & Photography,Photography,https://www.satoshinyc.com/
Saya Woolfalk Studio,212,1,Fine Art & Photography,"Tech Art, Painting, Installation, High Profile",http://www.sayawoolfalk.com/
Sean Michael Thomas,77,1,Fine Art & Photography,Photography/Videography Studio,https://www.instagram.com/sparkyint/
Servicio Ejecutivo,240,5,Fine Art & Photography,"Painting, Drawing, Collage, Object Work",https://www.tatianaarocha.com/
Seth Orion Schwaiger Studio,212,7,Fine Art & Photography,"Installation, Sculpture",http://sethorionschwaiger.com/
Sharon Horvath,97,2,Fine Art & Photography,Painting,https://sharonhorvath.com/
Slight Breeze,77,1,Fine Art & Photography,"A professional production and creative space serving as a hub for video and photo production, collaborative work and small workshops.",
Stefan Sagmeister,97,3,Fine Art & Photography,"Artist, Designer, Mixed Media, High Profile",https://sagmeister.com/
T. Donnelly,77,3,Fine Art & Photography,"Sculpture, High Profile",https://matthewmarks.com/artists/trisha-donnelly
The Hedda Sterne Foundation,77,3,Fine Art & Photography,"Artist Rep, Foundation",https://heddasternefoundation.org/
Thyra Heder,103,1,Fine Art & Photography,"Illustration, Painting, Childrens Books",http://www.thyraheder.com/
Tyler Matson aka Project 3113,77,1,Fine Art & Photography,"Photography, Commercial, Product Photography, Fashion",https://gettyadvance.com/
Uncool Artist aka Voxmojo LLC,,,Fine Art & Photography,"Software Platform, Artist Collective",
Vertical Visuals,140,1,Fine Art & Photography,"Aerial and ground photography, video equipment rental",https://www.verticalvisuals.com/about
Wayout Studio,77,2,Fine Art & Photography,"Set design, artist, fabricator",https://wayoutstudio.co/
Whitney Wood Bailey,212,3,Fine Art & Photography,Painting,https://whitneywoodbailey.com/
Yael Ben-Simon,140,1,Fine Art & Photography,"Sculpture, Mixed Media",https://www.yaelbensimon.com/
ZAK Kitnick,86,5,Fine Art & Photography,"Object Work, Photography, Sculpture, Painting, Video Art",https://zakkitnick.com/
Zeph Colombatto Photography,140,1,Fine Art & Photography,"Photography, Commercial Art, Product Photography, Fashion",https://www.zephcolombatto.com/about
Zoe Leonard Studio,140,2,Fine Art & Photography,Photography,https://www.hauserwirth.com/artists/2847-zoe-leonard/
Anchor Light Productions,77,2,Creative Office & Media,"Creative Production Company, Production Talent - Cinematography, Art Direction",https://www.anchorlight.com/
Art for Film,303,6,Creative Office & Media,"Art Rental, Printing, and Framing (small-sized, ready-made frames only)",https://artforfilmnyc.com/
BAM Art Department,,,Creative Office & Media,"Production Design, Art Direction, Graphic Design for Film, TV, Commercials, Music Videos",
Baton Media,77,1,Creative Office & Media,"Software music collaboration platform for unreleased material, Start-up, Venture-backed",https://www.instagram.com/baton.media/
BK Actors Self-Tape,77,1,Creative Office & Media,"Production Services - Reels, Production Studio Rental, Post Production, Audio & Sound",https://bkactorsselftape.com/
Captain and The Fox,95,3,Creative Office & Media,"Creative Production Company, Commercial, Theatrical, Post Production, Documentary, Platform Design",https://www.captainandthefox.com/
Casual Films,77,23,Creative Office & Media,"Brand Development, Creative Production Company, Commercial, Production Services - Reels, Animation, Satellite office of global firm",https://www.casualfilms.com/
Childhood Dreams,209,3,Creative Office & Media,Recording studio and post production facility,http://www.johnnysound.com/
Climate Town aka 400 Parts Per Million Productions,77,7,Creative Office & Media,"Production Company, Content Only, Climate and Comedy",https://www.climatetownproductions.com/
Colorway,77,7,Creative Office & Media,Marketing Agency,https://www.colorwayagency.com/
Curve ID,77,14,Creative Office & Media,"Product Design, Industrial Design (close relationship with Smart Design)",http://www.curveid.com/
G&E Multimedia LLC,77,2,Creative Office & Media,,
Giacomo Beletti,240,1,Creative Office & Media,Cinematographer,https://www.giacomobelletti.com/
Giant Town Productions,33,1,Creative Office & Media,Production Talent - Production Manager,https://www.imdb.com/name/nm0080521/
Gush aka Social Predictions,,,Creative Office & Media,"Short Content Creator, Event and Creative Production Company",
Juice Groove Films,77,2,Creative Office & Media,"Creative Production Company, Equipment Rental, Post Production, Production Talent - Cinematography, Commercial, Documentary",https://juicegroovefilms.com/
Kings County Productions,77,12,Creative Office & Media,"Creative Production Company, Production Talent - Cinematography, Editing, Producing",http://www.kingscountyproductions.nyc/
Konsonant Music + Post aka Thoughts in Grey Circles,103,3,Creative Office & Media,"Music composing and supervision for film, TV, and advertising",https://www.konsonant.com/
Lost and Found Props,212,16,Creative Office & Media,Prop Rental House,
LRH212 Studio,77,3,Creative Office & Media,"We work with emerging and established brands, designers and institutions to connect people, products and ideas.",https://lydiahummel.com/
Malin Ericson Studio,77,1,Creative Office & Media,"Brand Development, Package Design, Exhibition Design, Commercial",https://www.malinericsonstudio.com/
Max Amato LLC,77,,Creative Office & Media,Graphic Design Studio,https://maxamato.com/
Method Media,77,1,Creative Office & Media,"Creative Production Company, Production Talent - Cinematography, Editing, Producing",http://methodkc.com/
Moonland.tv aka Iscaro's Moon Land LLC.,77,11,Creative Office & Media,"Creative Production Company, Commercial, Post Production, Production Talent - Editing, Producing, Post",https://www.moonland.tv/
Mullin Studio Brooklyn ,,,Creative Office & Media,"Set design and styling, Custom small-scale fabrication, 3D milling, 3D printing, laser cutting, vinyl printing, casting, graphic design, decorative painting",
Peter M Murray INC ,77,1,Creative Office & Media,Writing studio for music composer for film and television,https://petermmurray.com/
Red Summer TV,77,4,Creative Office & Media,"Creative Production Company, Production Studio Rental, Music Videos, Commercial",http://redsummertv.com/
Reed + Rader,,,Creative Office & Media,"Industry: Services, Artists, & Designers, Sub Industry: Creative Office & Media",
Reelarc,77,1,Creative Office & Media,"Production Services - Reels, Brand Development",https://www.reelarc.com/
Shared Studios,100,5,Creative Office & Media,"&Hardware, Software, & Design Engineering, Experience Design, Interactive",https://www.sharedstudios.com/
Shattered Prism LLC,212,2,Creative Office & Media,"Distributor, Rental, and Servicer of low-emissions (uses battery, not gas or diesel) portable power stations for film, events, disaster relief, and construction sites",https://www.shattered-prism.com/
Smart Design,216,65,Creative Office & Media,"Product Design, Industrial Design, 3D Printing, High quanitity of prototypes produced on-site",https://smartdesignworldwide.com/
Studio Hansraj,"103,140",2,Creative Office & Media,"Production & Set Design, Art Design, Commercial, Film and TV, Fashion",https://www.studiohansraj.com/
TCS Technological Cinevideo Services,77,41,Creative Office & Media,"Equipment Rental for Film, TV, Events",https://tcsfilm.com/
The Sodium Ranch,88,7,Creative Office & Media,"Production Equipment Rental, Grip & Electric, Lighting, Lighting Design Services",http://www.thesodiumranch.com/
Tinygiant,209,205,Creative Office & Media,"Creative Production Company, Commercial, Film and TV",https://tinygiant.tv/
Tonic Group,77,8,Creative Office & Media,"Marketing Agency, Graphic Design, Brand Development, Package Desing, Art Direction, Photography, Short Content Creator, Commercial",https://www.tonicgroup.com/
UMR Channels Group aka Build Up Purpose,,,Creative Office & Media,"Creative Production Company, Content Programming and Distribution",
VS+Company aka Vanessa Stevens and Co.,77,5,Creative Office & Media,"Artist Rep, Photography Printing and Post Production",https://www.vsandcompany.com/
Wavelength Productions,212,6,Creative Office & Media,"Creative Production Company, Film, Commercial, Documentary, High Profile - Jennifer Westphal ",https://www.wavelengthproductions.com/
We are A Studio,77,5,Creative Office & Media,"Creative Director, Branding, Product Design, Package Design",https://wearea.studio/
Yello Studio NYC LCC,"212,240",12,Creative Office & Media,"Production Studio Rental, Equipment Rental",https://www.yellostudionyc.com/
ADL Distributors Corp,77,5,Other / Professional Services,"Wholesale, Mixed Merchandise?",
Andrew Joshua Meave-Alonso,77,5,Other / Professional Services,Unknown,https://www.laracallahan.com/
AP Distri,77,1,Other / Professional Services,"Warehousing, Mixed Merchandise?",https://www.linkedin.com/in/pinnie-fisch-111506159/
Area Props NYC,77,2,Other / Professional Services,Prop Rental House,https://www.areapropsnyc.com/store/c1/Featured_Products.html
Best Service USA Corp.,88,30,Other / Professional Services,"Warehousing, Mixed Merchandise",https://www.linkedin.com/in/tsvi-fradman-674a3234/
Brand's Payroll Inc,98,40,Other / Professional Services,Payroll Processing Service,https://www.brandspaycheck.com/
Falk-Wallace Woodworking,,,Other / Professional Services,,
Favor Parts,77,1,Other / Professional Services,"Event Planning, Themed Events",https://www.favorparts.com/
Fun Corporate Magic,77,1,Other / Professional Services,"Magician, Event Services",https://magicianmatias.com/
Funding Forward,77,30,Other / Professional Services,"Institutional Capital (Govt Programs, Tax Credits+) Consultant",https://fundingforward.com/
GFD Courier Corporation,33,28,Other / Professional Services,Courier Service,https://www.gfdcourier.com/
Go Locker,,,Other / Professional Services,GoLocker: On demand shipping and package tracking service and lockbox,GoLocker - Package Receiving Service & Package Lock Box
Gradient,100,1,Other / Professional Services,Heat Pumps,https://gradientcorp.com/
Herrera Print,77,1,Other / Professional Services,Unknown,
Hodge Inc,100,1,Other / Professional Services,Food Waste Recycling,https://hodge.earth/
Jan P Joachim PC aka Joachim Realty LLC,77,1,Other / Professional Services,"Attorney, Canada-US Immigration and Real Estate Specialist",https://www.joachimlawpc.com/
Joel D Bernat,,,Other / Professional Services,"Industry: Manufacturers & Distributors, Sub Industry: Transportation",
Newlab,,,Other / Professional Services,"Deep Tech and Climate Tech Incubator, On-site prototyping",https://www.newlab.com/locations/brooklyn
Nigel Thomas,,,Other / Professional Services,GoLocker: On demand shipping and package tracking service and lockbox,
Pull City aka Apeman Technologies,100,5,Other / Professional Services,B2B Platform for Campuses; Inventory Management Software,https://pull.city/
R&M Santoli Landscape Inc,,2,Other / Professional Services,Landscaping business,
RE Tax Service,77,6,Other / Professional Services,Real Estate Tax Consultant,https://www.retaxservice.com/
Resolution Audio Video dba Stereobuyers,212,13,Other / Professional Services,"Design and install smart home systems. Buy, sell and restore vintage hifi equipment. Manufacture audio cables.",https://resolutionavnyc.com/?srsltid=AfmBOoqnD8hhpS1AlBfyeIZCdGhkC42OpCgMA8CUDrGt1VBxZm0jYpSd
Royal Supply Company,88,12,Other / Professional Services,"Wholesale, Mixed Merchandise",https://www.dnb.com/business-directory/company-profiles.royal_supply_co.cd35af8beb11d2302749a0498910c171.html
Schwimmer & Meisels,88,70,Other / Professional Services,"Warehousing, Mixed Merchandise",https://www.nycompanyregistry.com/companies/schwimmer-meisels-corp/
SJT Consultants LLC,77,1,Other / Professional Services,"E-Commerce Director, Buyer, and Production Manager, B2B and D2C sales consulting services, Textiles, Apparel, and Home Goods",https://www.sjtconsultingservices.com/
Systech,303,9,Other / Professional Services,"IT Services Consultant, Cybersecurity, Cloud solutions, Business process Automation",https://systechmsp.com/
Tribeca Companies aka Senneca Diagnostics,,,Other / Professional Services,"Investment Advisor, Real Estate and Equity Specialty",
Turnstile Tours,240,8,Other / Professional Services,"Tours, B Corp",https://turnstiletours.com/
Twelve Point aka Bill Malchow,77,1,Other / Professional Services,"Jazz Musicican, Pianist and Vocalist, Available for Bookings (with the Bill Malchow Trio) ",https://www.billmalchow.com/
Amatec,,,"Construction,Power & Energy",,
5TEN,77,6,"""Hardware, Software, & Design Engineering""","LED Lighting project management, prototyping, and technical execution",https://www.510visuals.com/
Actasys,212,5,"""Hardware, Software, & Design Engineering""",Prototyping and manufacturing of ultracompact air blowers,
Algoma,100,1,"""Hardware, Software, & Design Engineering""",Proptech Software for Zero Emissions Buildings Real Estate Development,https://www.algoma.co/
Alterlab LLC aka Graph Commons,212,1,"""Hardware, Software, & Design Engineering""","Software Platform for Data Mapping and Visualization, AI",https://graphcommons.com/
AmbienTech,240,2,"""Hardware, Software, & Design Engineering""",Design and Fabrication Lighting Dimmer Connected Software and Devices/Smart Tech,https://www.ambientechinc.com/
Appliedxl,100,1,"""Hardware, Software, & Design Engineering""",AI/Data science; Prototyping & Tech,https://www.appliedxl.com/
AV&C,303,25,"""Hardware, Software, & Design Engineering""","Architectural Digital Installations, Experience Design, Interactive, Commercial",https://www.av-controls.com/
Botblox,86,4,"""Hardware, Software, & Design Engineering""",Printed circuit board assembly,https://botblox.io/?gad_source=1&gad_campaignid=21839017854&gbraid=0AAAAADL4EY3MKwuakZQ7Q67-dzIZ3xntE&gclid=Cj0KCQiAo4TKBhDRARIsAGW29bdx9FLJVJ6z-BR4IQ_n_s9Vk_AkEYwfyXs9UtT_ZrY5imwTToCK1OMaAqo7EALw_wcB
"BPL R & D, LLC aka Brower Propulsion Laboratory",140,1,"""Hardware, Software, & Design Engineering""","Design and Fabrication for Designers, Engineers, Scientists, and Artists, Specialty - Rapid Prototyping",https://browerproplab.com/
Cadence ONEFive,,,"""Hardware, Software, & Design Engineering""",Cloud software to accelerate building decarbonization for climate justice,https://hello.c15.io/
Digital Sense,,,"""Hardware, Software, & Design Engineering""",AI software,https://www.digitalsense.ai/
Diode Computers,,10,"""Hardware, Software, & Design Engineering""","Custom circuit boards, designed and manufactured with AI
",https://www.diode.computer/
Easy Aerial,77,30,"""Hardware, Software, & Design Engineering""",Military-grade drones for surveillance and inspection,https://www.easyaerial.com/
Enody,77,1,"""Hardware, Software, & Design Engineering""",LED lighting design and manufacturing,https://www.instagram.com/enody.lighting/
Fidelity Payment Services,77,50,"""Hardware, Software, & Design Engineering""",Payment Processing Software and Devices (POS Systems),https://www.fidelitypayment.com/
FOAM,"33,88,366",11,"""Hardware, Software, & Design Engineering""","Geolocation Services; 3x Yard Lab Licenses B 292, 313, 3; former Newlab Member",https://foam.space/
FotoFoto,140,3,"""Hardware, Software, & Design Engineering""","Upcycled ""disposable"" cameras",https://fotofoto.io/
Fraiche,100,1,"""Hardware, Software, & Design Engineering""",Food Distribution - Newlab,https://fraiche.io/
Frio Controls aka AEF Ice Systems,77,3,"""Hardware, Software, & Design Engineering""","Proptech Software, Smart Heat Systems Monitoring",https://www.frio.co/
Giraffe Financial,,,"""Hardware, Software, & Design Engineering""","Giraffe delivers end-to-end Inflation Reduction Act (""IRA"") tax credit services for taxable and tax-exempt organizations. ",https://giraffe.financial/
HUSH Studios,77,20,"""Hardware, Software, & Design Engineering""","Experience Design, Interactive, Art Direction, Brand Development, Creative Production Company, UI/UX, Software Development",https://heyhush.com/
Kara,,,"""Hardware, Software, & Design Engineering""",AI-powered sustainability risk management and reporting platform for financial institutions and companies.,https://www.linkedin.com/company/joinkara/
KFX Technology,77,7,"""Hardware, Software, & Design Engineering""","Manufacturer of camera remote heads and motorized track systems for Film, TV",https://www.kfxtechnology.com/
Laero LLC,,,"""Hardware, Software, & Design Engineering""",,
Light,100,1,"""Hardware, Software, & Design Engineering""",Smartphone/Hardware,https://www.thelightphone.com/
Maison Wireless aka Shopindomix Inc,,,"""Hardware, Software, & Design Engineering""",Buyer and seller of connected devices and accessories,
Manifold Robotics,100,1,"""Hardware, Software, & Design Engineering""","Drones/Robots, Hardware",https://www.manifoldrobotics.com/
Mirror Physics,,,"""Hardware, Software, & Design Engineering""",Newlab subtenant ,
Nanotronics Industrial LLC aka CubeFabs,"88,303",110,"""Hardware, Software, & Design Engineering""",Automated optical microscopy inspection systems with applications across advanced industry and manufacturing,https://nanotronics.co/
Near Space Labs aka Swiftera,77,4,"""Hardware, Software, & Design Engineering""","High Resolution Geospatial Imaging using Zero-Emissions Atmospheric Robots, Technology Design and Development on-site",https://nearspacelabs.com/
Nextiles,100,1,"""Hardware, Software, & Design Engineering""",Materials Innovation; Performance Tech; Fabric,https://www.nextiles.tech/
Nycap3d,77,4,"""Hardware, Software, & Design Engineering""","AR/VR/XR production, CGI animation",https://www.nycap3d.com/
Outsnapped.com,140,46,"""Hardware, Software, & Design Engineering""","Design and fabrication of custom photo booths and software, Photo Booth Rentals for Events",https://outsnapped.com/
Physical Synthesis,100,8,"""Hardware, Software, & Design Engineering""",Rapid prototyping (RDFM) for sound design products,https://www.physical-synthesis.com/
Pliant Energy Systems LLC,140,7,"""Hardware, Software, & Design Engineering""","Design and Prototyping of Underwater Robot for Aquatic Monitoring, Renewable Energy Research, Yard Labs Pilot",https://www.pliantenergy.com/
Potion Design,77,1,"""Hardware, Software, & Design Engineering""","Experience Design, Interactivity, AR, VR",https://www.potiondesign.com/
Qunnect,,22,"""Hardware, Software, & Design Engineering""",Hardware and Device Suite to enable Quantum Networking,https://www.qunnect.inc/
Radical AI,218,34,"""Hardware, Software, & Design Engineering""",Research and development as it relates to materials science.,https://www.radical-ai.com/
Reflex Robotics aka Timeback,77,11,"""Hardware, Software, & Design Engineering""","Robotics, Humanoid",https://www.reflexrobotics.com/
Renovate Robotics,,,"""Hardware, Software, & Design Engineering""","Robotics for Roof Installation, Solar",
Replit,77,6,"""Hardware, Software, & Design Engineering""",AI-Enabled Software Development Platform,https://replit.com/
Revivn,77,46,"""Hardware, Software, & Design Engineering""","Electronics Recycling and Refurbishment, B Corp, Founder Speaker",https://www.revivn.com/
Shimmy Technologies,100,1,"""Hardware, Software, & Design Engineering""","&Professional Services, &Apparel & Accessory, Workforce Development",https://shimmy.io/
SnoFox Sciences,100,11,"""Hardware, Software, & Design Engineering""",Software; Digital twin for cold storage,https://www.snofox.com/
Teknikio,100,4,"""Hardware, Software, & Design Engineering""","Edtech, Toys",https://www.teknikio.com/
Vecna Robotics,100,1,"""Hardware, Software, & Design Engineering""",Dark Warehouse Robotics,https://www.vecnarobotics.com/
Viventium Software,212,20,"""Hardware, Software, & Design Engineering""",Payroll and HR Software for Health Services,https://www.viventium.com/
Volumes,,,"""Hardware, Software, & Design Engineering""",,
Vycarb,"""100, Open Area know as Kay1""",6,"""Hardware, Software, & Design Engineering""","Carbon capture for water: drop-in water treatment system to measure water carbon cycle, detect excess CO2, and ""dose"" water to allow it store CO2 ",https://www.vy-carb.com/
Waverly Labs,100,1,"""Hardware, Software, & Design Engineering""",&Professional Services; Translation Software/App,https://www.waverlylabs.com/
YesYesNo,77,8,"""Hardware, Software, & Design Engineering""","Experience Design, Interactive, Robotics, Sculpture, Commercial, AR, VR",http://www.yesyesno.com/
Amogy,"""207, parking RR3A""",115,Power & Energy,"Ammonia Fuel Systems for Shipping and Long-distance Transportation, Zero Emissions, Sustainable",https://amogy.co/
Arbon,100,3,Power & Energy,Carbon removal materials; Sustainability,https://www.arboncorp.com/
BNY Cogen aka Axium Infrastructure,"""202, 209, Dry Dock 2, Parking""",65,Power & Energy,Electricity and steam heat generation plant,https://www.bnycogen.com/
Carbion,,,Power & Energy,,
COI Energy,100,11,Power & Energy,"Software Platform for Energy Management, Sustainable; Proptech",https://www.coienergy.com/
"Ecogreen Charge aka Priceless Resource, Inc.",322,10,Power & Energy,"Engineers, Auditors, Project Managers, manage clean energy solutions and installations, Sustainable",About Us – PRICELESS RESOURCE
Fram Energy,100,9,Power & Energy,Software for energy retrofits for rental properties; Sustainability Proptech,https://www.framenergy.com/
it'selectric,100,10,Power & Energy,EV curbside charger; Yard Labs pilot,https://www.itselectric.us/
Kelvin Systems Inc. fka Radiator Labs,303,30,Power & Energy,"Radiator Efficiency Devices, Heat Pumps, Sustainable, High volume of prototypes and assembly on-site",https://www.kel.vin/
Lectrium,100,3,Power & Energy,Software; EV Marketplace,https://www.lectrium.com/
Pave Motors,303,12,Power & Energy,"E-Bikes, Motorcycles, Sustainable",https://www.pavemotors.com/
Popwheels,100,16,Power & Energy,Software-enabled e-bike public battery cabinet charging; Sustainability,https://www.popwheels.club/
S3G Energy,77,3,Power & Energy,Solar energy systems & service (Corp. headquarters in AZ),https://s3energy.com/
Tarform,,,Power & Energy,"E-Bikes, Motorcycles, Sustainable",
Terrament,100,1,Power & Energy,Underground battery storage; Sustainability,https://www.terramenthq.com/
Vela Bikes,100,1,Power & Energy,"E-Bikes, Sustainable",https://velabikes.com/
Voltaic Systems,100,8,Power & Energy,"Solar Panels and Battery Packs, Sustainable",https://voltaicsystems.com/
Voltpost,,25,Power & Energy,Lampost EV Charging platform,https://www.voltpost.com/
10xBeta,303,33,"""Biotech, Lab & Medtech""","Simple Smart/Connected Medical Devices, Product Development, Life Sciences, High quantity of prototypes fabricated on-site",https://www.10xbeta.com/
Carbon Bridge,,,"""Biotech, Lab & Medtech""","Molecule synthesis
with proprietary compact, highly efficient, direct-gas bioreactor",https://www.carbonbridge.io/
Chemfinity Labs,,,"""Biotech, Lab & Medtech""",Creating molecularly selective materials that eliminate pollution and circularize natural resources.,
Crew Carbon,,,"""Biotech, Lab & Medtech""",CREW technology makes wastewater treatment safer and more efficient while permanently capturing greenhouse gases.,https://crewcarbon.com/
Examol,100,1,"""Biotech, Lab & Medtech""","Software suite for computational drug discovery with database, workflow, and notebook system; Therapeutics",
Kingdom Supercultures aka Imvela Corp,77,21,"""Biotech, Lab & Medtech""","Bio-based ingredients for supply chains for CPG food, beverage, personal care and beauty industries, Materials Innovation, Sustainability, Life Sciences",https://www.kingdomsupercultures.com/
Mothership Materials,,,"""Biotech, Lab & Medtech""","We transform agricultural waste into 80% of the world�s essential ingredients, fuels, and feedstocks�unlocking biomaterial possibilities for every industry.",https://www.mothershipmaterials.com/
Norbert Health,100,1,"""Biotech, Lab & Medtech""",Vital Signs Scanner,https://www.norberthealth.com/
Square Roots,,,"""Biotech, Lab & Medtech""","Our flexible, modular  indoor farming platform is built to help innovators unleash high-impact solutions to secure the future of food and beyond.",https://www.squarerootsgrow.com/
Synchron,303,50,"""Biotech, Lab & Medtech""","Neurological Interface Nanodevices, Life Sciences",https://synchron.com/
TomTex,303,15,"""Biotech, Lab & Medtech""","Biodegradable Leather Alternative from Seafood Waste, Materials Innovation, Sustainability, Life Sciences",https://www.tomtex.co/
Turnover Labs,,,"""Biotech, Lab & Medtech""","Cheaper, on-site synthesis of carbon-neutral chemical feeds",https://www.turnoverlabs.com/
Alan Dorsey Custom Woodworking,86,,Fabrication & Custom Installation (Wood & Metal),Woodworking,http://alandorsey.com/
Art In Construction,88,5,Fabrication & Custom Installation (Wood & Metal),Plaster Fabrication and Finishing,https://www.artinconstruction.com/
Bednark Studio,104,130,Fabrication & Custom Installation (Wood & Metal),Retail & Experiential Fabrication,https://www.builtbybednark.com/
Beverly Semmes,70,7,Fabrication & Custom Installation (Wood & Metal),Sculpture,https://beverlysemmesstudio.com/
Bien Hecho,88,4,Fabrication & Custom Installation (Wood & Metal),"Woodworking, Millwork, E-commerce Retail",https://www.bienhechobklyn.com/
Brooklyn Artisan Wood Crafts aka Artistic Wood Crafts,,,Fabrication & Custom Installation (Wood & Metal),"Woodworking, Carpentry, Handyperson","Artistic Wood Crafts, Inc."
Brooklyn Craftsman,86,1,Fabrication & Custom Installation (Wood & Metal),Woodworking,http://www.brooklyncraftsman.com/
Building Diagnostics Robotics,,,Fabrication & Custom Installation (Wood & Metal),,
Cactus Fabrication,322,20,Fabrication & Custom Installation (Wood & Metal),Retail & Experiential Fabrication,https://www.cactusfabrication.com/
Collector,88,1,Fabrication & Custom Installation (Wood & Metal),"Product Design, Furniture, Lighting, Sustainability",http://collector-nyc.com/
Creative Collaborative Associates aka TubbsArt Studio,86,3,Fabrication & Custom Installation (Wood & Metal),Scenic Design,https://tubbsartstudio.com/
"Daedalus Design & Production, Inc.",216,65,Fabrication & Custom Installation (Wood & Metal),"Scenic Design & Fabrication, Theater",http://www.daedalusnyc.com/
DCM Fabrication Inc,140,14,Fabrication & Custom Installation (Wood & Metal),"Installation for Artists, Designers, Architects",https://dcmfabrication.com/
DeVORE FIDELITY aka Box Furniture,140,5,Fabrication & Custom Installation (Wood & Metal),"Custom Speakers, Sound Systems",
Dollhouse Agency LLC,215,21,Fabrication & Custom Installation (Wood & Metal),Fabrication and staging of consumer projects,https://dollhouse.agency/
Evan Eisman Company,140,8,Fabrication & Custom Installation (Wood & Metal),"Blast Finishing & Engraving into Art, Architecture, & Design",https://www.evaneisman.com/
Ferra Designs,,,Fabrication & Custom Installation (Wood & Metal),Architectural Metalwork,
Fey Made,77,1,Fabrication & Custom Installation (Wood & Metal),Design and art assembly studio,https://www.pmr-mfg.com/
Florishop aka Lauren Messelian,86,4,Fabrication & Custom Installation (Wood & Metal),Large-scale Floral & Botanical Fabrication for Fashion Events+,https://www.messelian.com/
General Trademark,77,,Fabrication & Custom Installation (Wood & Metal),Light manufacturing,https://callil.com/
Hub Woodworks,70,2,Fabrication & Custom Installation (Wood & Metal),"Woodworking, Cabinetry",https://www.hub-woodworks.com/
Latewood,,1,Fabrication & Custom Installation (Wood & Metal),Woodworking,https://latewoodworkshop.com/
M.E. Woodworking Inc.,209,9,Fabrication & Custom Installation (Wood & Metal),"Woodworking, Millwork, Cabinetry",many169@hotmail.com
M&D Installers,360,65,Fabrication & Custom Installation (Wood & Metal),Doors,https://mddoor.com/
Matthew Grandin Custom Fabrication,140,2,Fabrication & Custom Installation (Wood & Metal),Industrial design/Decor,http://www.mattgrandin.com/
Mattison Millworks,86,1,Fabrication & Custom Installation (Wood & Metal),Energy-Efficient; Windows; Doors,https://www.instagram.com/mattison_millworks/?hl=en
Metalform Studio,140,12,Fabrication & Custom Installation (Wood & Metal),Architectural Metalwork,
Mock Studio,"77,240",1,Fabrication & Custom Installation (Wood & Metal),Furniture design and fabrication,https://mock.nyc/?srsltid=AfmBOopshyx-9eGdzuQD1lMVcHABULSg2YVx35dF2shVYsZhdAGwCQEY
MZ Woodwork Inc.,88,8,Fabrication & Custom Installation (Wood & Metal),"Woodworking, Cabinetry & Millwork",http://www.mzwoodwork.com/
National Elevator Cab & Door Corp.,320,90,Fabrication & Custom Installation (Wood & Metal),Elevator Cabs,https://necd.com/
NV Woodwork Corp,,,Fabrication & Custom Installation (Wood & Metal),Woodworking,
Oddly Good Studio aka Noon Nook,77,3,Fabrication & Custom Installation (Wood & Metal),"Fabrication and Planning for Designers and Artists (collaborate with Gaetano Pesce, Supermouse Studio)",
Pink Rooster AND Milky Way Studio,77,6,Fabrication & Custom Installation (Wood & Metal),Large-scale Fabrication for Retail and Events,https://www.milkywaystudio.com/
Podium Automation,,,Fabrication & Custom Installation (Wood & Metal),"Manufacturers customized control panels for industrial automation
",www.podiumautomation.com
Prospect Woodworks,86,6,Fabrication & Custom Installation (Wood & Metal),"Woodworking, Custom Residential, Cabinetry and Millwork",https://www.prospectwoodworks.com/
Protospark LLC,209,1,Fabrication & Custom Installation (Wood & Metal),Rapid prototyping,
Robert Kalka Custom Woodworking,86,6,Fabrication & Custom Installation (Wood & Metal),"Cabinets, Doors",
Scenicorp,"31,33",37,Fabrication & Custom Installation (Wood & Metal),"Scenic Design & Fabrication, Film, TV, Events",https://scenicorp.com/
Schematic,86,7,Fabrication & Custom Installation (Wood & Metal),"Woodworking, Cabinetry & Millwork",http://schematicnyc.com/
Sets by Rudge & Tip Top Props,86,5,Fabrication & Custom Installation (Wood & Metal),"Set Design, Construction, and Prop Rentals (Tip Top Props)",https://tiptopprops.com/pages/about-us
SITU Fabrication,"144,204",31,Fabrication & Custom Installation (Wood & Metal),"Architectural, Large-scale Fabrication, Design and Research Studio",https://situ.nyc/
Stefan Beckman Studio,212,4,Fabrication & Custom Installation (Wood & Metal),"Set, Exhibit, and Installation Design and Fabrication installation; assembly and fulfillment for their home goods line",https://www.stefanbeckman.com/
Stiegelbauer Associates Inc.,140,45,Fabrication & Custom Installation (Wood & Metal),Scenic Fabrication,https://sai-nyc.com/
Studio Furnis,77,3,Fabrication & Custom Installation (Wood & Metal),Furniture manufacturer,https://studiofurnis.com/?srsltid=AfmBOoo6uf9W44Ra6RCdFmowfSh94ZpyN8lARoMPe2IG-H1vVjfH14t4
Sunset Park Woodworkers,60,10,Fabrication & Custom Installation (Wood & Metal),"Woodworking, Cabinetry, Millwork",https://www.waltergoodmancabinetry.com/
The Closet Maven,33,3,Fabrication & Custom Installation (Wood & Metal),Closet & Cabinet Manufacturing,https://opencorporates.com/companies/us_ny/2989976
Urban Homecraft,209,16,Fabrication & Custom Installation (Wood & Metal),"Woodworking, Millwork, Cabinetry",http://www.urbanhomecraft.com/
Vandon Owen Marshall aka VOM Carpentry,240,,Fabrication & Custom Installation (Wood & Metal),Woodworker,
Video Guy,303,1,Fabrication & Custom Installation (Wood & Metal),On-Set Production Services - Video Assist and Playback; Training (Local 52 members),https://www.videoguy.nyc/
Evan Hughes Studio,88,3,Fabrication & Custom Installation (Wood and Metal),Design and fabrication of furniture and artworks,https://evanhughesstudio.com/
3lite Limited,77,3,Architecture & Design,Architectural materials procurement specialist; Satellite office of global company; DSGN Gallery (Tyler Jordan),https://3lite.co/
Alepreda Architecture,77,1,Architecture & Design,"Building, interiors and furniture design and showcase space",https://alepreda.com/
Aranda\Lasch,77,4,Architecture & Design,"Architect, Installations, Product/Object Design",https://arandalasch.com/work/featured/
BEAM Architects aka J Goldman Designs,77,8,Architecture & Design,"Architect, Residential, Commercial, Interior Design",https://beamgroup.net/
Civilian,77,25,Architecture & Design,"Architect, Residential, Commercial, Interior Design",https://www.civilianprojects.com/
CO Adaptive,303,15,Architecture & Design,"Architect, Residential, Project Management, Renovation, Sustainability",https://coadaptive.co/
Combined Architecture ,97,,Architecture & Design,"Architecture firm, model building",https://www.combined-architecture.com/
Constantine Karalis Architect,95,1,Architecture & Design,"Architect, Residential, Commercial",http://karalisarchitect.com/Constantine_Karalis_Architect/Home.html
Cycle Retrotech,,,Architecture & Design,"Architects, Residential, Commercial, Urban Design, Sustainability",
DMDC LLC dba Studio Melrose,77,4,Architecture & Design,"Furniture design, art warehouse storage",
Elizabeth Kennedy Landscape Architect,209,9,Architecture & Design,"Landscape Architect, Residential, Commercial, Cultural Sites, Historic Preservation",https://www.eklastudio.com/approach
Extrapolation Factory,212,1,Architecture & Design,"Research Studio for Urban Design, Sustainability",https://extrapolationfactory.com/
Gather Agriculture*,,,Architecture & Design,,
HGXDESIGN,77,4,Architecture & Design,"Architect, Residential, Commercial",https://www.hgxdesign.com/
In Situ Design,77,2,Architecture & Design,Interior Design,https://www.insitudesign.com/
"Integrated Conservation Resources, Inc.",303,15,Architecture & Design,"Architect, Cultural Sites, Renovation, Historical Preservation",https://www.icr-icc.com/
Mark Uriu Design aka Uriu Nuance,88,3,Architecture & Design,"Interior Design, Residential, Finishes, Artisan Painter Management",https://www.uriunuance.com/
Matter Architecture Practice,,,Architecture & Design,"Architectural & Urban Design, Exhibition Design, Sustainability",
Path Place Architecture PC,77,4,Architecture & Design,"Architect, Renovations, Interiors, Residential",https://www.pathplacearc.com/
Pettibone Design,77,5,Architecture & Design,"Architect, Interior Design, Design-Build, Project Management",https://www.pettibone-design.com/
Plantaer,240,2,Architecture & Design,Production of architectural concrete products,https://www.plantaer.com/
R & CO.,86,26,Architecture & Design,Artist Rep,https://r-and-company.com/about/
SBT Solutions,77,1,Architecture & Design,"Architecture, Engineering & Design",
SOUR,140,6,Architecture & Design,"Architectural & Urban Design Research and Process Innovation, Product Development, Sustainability, Satellite office of global firm",https://www.sour.studio/
SQBW aka Sebastian Quinn Building Workshop,95,5,Architecture & Design,"Architect, Residential, Commercial, Cultural Sites",http://sebastianquinn.com/
Studio A + H aka 3XN and Altwicker Holm Studio,77,9,Architecture & Design,"Architect, Sustainability; Satellite office of global company",https://3xn.com/who-we-are
Todd Bracher Studio aka Betterlab,209,1,Architecture & Design,Industrial and Product Design for Technologists and Scientists,https://www.betterlab.com/
Townsend Studio D/B/A Midden Projects,88,1,Architecture & Design,Furniture Design Studio,https://middenprojects.com/
Urbanstrong,212,4,Architecture & Design,"Green Rooftop Design, Solar integration, Living walls, Sustainability, High quantity of living wall protoyping on-site",https://urbanstrong.com/
VUW,77,8,Architecture & Design,"Experience Design, Architect, Commercial, Residential, High-Profile",https://vuwstudio.com/
Zound Pro aka ZEA Lighting Strategies,,,Architecture & Design,"Lighting Design and Installation, Some Interior Design Services",
Ares Equities,86,18,Printing & Engraving,Printing and Packaging,https://www.aresny.com/
Caroline Ongpin ,70,1,Printing & Engraving,Lithography printmaking studio for private use and contract printing,https://www.carolineongpin.com/
Division Paper Inc.,88,8,Printing & Engraving,Label printing (Yardi description),
Duggal Visual Solutions,"""103, 214, 240, 303, 360,362, 364""",515,Printing & Engraving,"Printed Materials, Multimedia Installations and Exhibits",https://duggal.com/Home
Engraved Sign Studio Inc.,140,6,Printing & Engraving,"Fine Engraving, Metals and Plastics, Industrial Use",https://www.instagram.com/engravedsignstudio/
JMFW Printing,,,Printing & Engraving,"Printing, Graphic Design, Printing Services - Large format, digital, uniform, apparel & bags, construction blueprint",
Woodside Press aka Bower Publishing Company,,,Printing & Engraving,"Executed seccond surrender agreement extension in May 2024.

Industry: Services, Artists, & Designers, Sub Industry: Printing & Engraving",
26 Adar Corp aka Asap Expediting Corp,103,6,Contracting & Construction,Expeditor for architectural buildouts,https://imperativelogistics.com/
Barden LLC,77,1,Contracting & Construction,"Project Manager, Commercial Construction",https://www.linkedin.com/in/barry-ricketts-ab593313/
Black Square Builders Corp,77,1,Contracting & Construction,"General Contracting, Project Management, Design-Build",http://blacksquarebuilders.com/
Bmb Sales Associates ,36,6,Contracting & Construction,"Manufacturers Representatives for Plumbing, Heating and Fire Suppression Companies",https://bmbsales.com/
BNY Construction Inc,88,17,Contracting & Construction,"General Contracting, Woodworking",http://bnyconstruction.com/
Construct Brooklyn,86,25,Contracting & Construction,"Renovation, Contracting and Construction Management, Custom Millwork",https://www.constructbk.com/about
Gallery KBNY aka Gallery Restoration,212,18,Contracting & Construction,"Renovation, Residential, Project Management, Design-Build",https://www.gallerykbny.com/
Headwater Contracting,,,Contracting & Construction,General Contracting,Headwater Contracting Ltd | NY | Read Reviews + Get a Bid | BuildZoom
IA Construction Management ,140,11,Contracting & Construction,"General Contracting, Construction Management, Some Operations/Fabrication at the Yard",https://www.iacm.nyc/
J Gordon Painted Finishes,240,21,Contracting & Construction,Residential Professional Painting,https://www.jgordonpaintedfinishes.com/
New York Decks aka Terry Designs,70,36,Contracting & Construction,"Wooden Decks, Terraces, Specialty",https://www.newyorkdecks.com/
Oasis Interiors,97,3,Contracting & Construction,"Project Management, Design-Build, Residential, Light Commercial","About — Oasis Interiors, Inc. (oasisinteriorsinc.com)"
PB Paints,140,15,Contracting & Construction,Professional Paint and Plaster,https://www.pbpaints.com/
Reem Plumbing & Heating Corp.aka Thermomechanics Corp.,"86,95",30,Contracting & Construction,"Metal Fabrication, Industrial Pipefitting, Plumbing and Heating Repair and Maintenance",https://www.buzzfile.com/business/Reem-Plumbing-and-Heating-718-643-0519
Skyline Environmental,33,2,Contracting & Construction,Asbestos Testing and Abatement,https://skylineasbestos.com/
Smalls Electrical Construction,88,12,Contracting & Construction,Electrical Contracting,https://smallselectrical.com/
Atlantic Logistics Inc.,33,54,Transportation,Trucking Company,https://atlanticl.activetrac.net/
Auto Tech 113,88,2,Transportation,Auto Device - Mobile Oil Draincart,
Avol Aerospace,,5,Transportation,"Time-critical shipments of blood, stem cells, tissues, and other urgent products between cities.",https://www.avolaerospace.com/
CLIP,"100,303",5,Transportation,Design portable propulsion devices to turn bikes into e-bikes,https://www.clip.bike/
Dollaride,,,Transportation,,
Duo Leasing,95,7,Transportation,Vehicle Leasing,https://www.facebook.com/people/Duo-Leasing/100069833977778/
Freeway Carriers,,1,Transportation,Freight Carrier and Shipper Portal,https://freewaycarriers.com/
GBM Bulk Logistics LLC aka GBM Bulk Transport,240,3,Transportation,Cement Transport,https://www.nycompanyregistry.com/companies/gbm-cement-llc/
GMD Enterprises Corp,"""Dry Docks 1,3-6; Pier D""",176,Transportation,"Ship Repair, Dry Docking, High volume of on-site custom fixture manufacturing",https://www.gmdshipyard.com/
Lebogner,88,7,Transportation,"Auto Accessories Supplier, E-Commerce",https://www.amazon.com/stores/lebogner/ALLPRODUCTS/page/883C4551-A2A4-46C8-849E-F95B985FB0AD
Man Power Trucking,70,2,Transportation,Trucking for interior decorations and antique stores,https://opencorporates.com/companies/us_ny/2786040
Rubinstein Van Lines,,,Transportation,Moving Company,
S T Express,360,1,Transportation,Freight Carrier,https://www.carriersource.io/carriers/s-t-express-inc
T World Inc,77,1,Transportation,Cargo Hauling,https://www.quicktransportsolutions.com/truckingcompany/newyork/t-world-inc-usdot-2572967.php
Transparent Logistics aka Transparent International,,,Transportation,"Moving, Logistics, and Shipping Services",
Ada Chen,103,3,Apparel & Accessory,"Jewelry, Small Goods, E-commerce Retail",https://www.potadachen.com/
Atsuyo Et Akiko,88,1,Apparel & Accessory,"Clothing, Childrens, Jewelry, Bags, Handbags, Decor, E-commerce Retail",
Blackstock & Weber,77,12,Apparel & Accessory,"Menswear, E-commerce Retail",https://www.blackstockandweber.com/
Carrie Bilbo Jewelry aka Sweet Caroline   Adornments,103,2,Apparel & Accessory,"Jewelry, E-commerce Retail",http://www.carriebilbo.com/
Casey Sobel aka kcmetalsmithing,103,2,Apparel & Accessory,Jewelry,https://madmuseum.org/loot/artist/casey-sobel
Catbird,77,130,Apparel & Accessory,"Jewelry, E-commerce Retail",https://www.catbirdnyc.com/
CLR Therapy Original Canvas Goods,77,3,Apparel & Accessory,"Streetwear, Hand painted apparel",https://clrtherapy-blog.tumblr.com/
COCO + GOOCH aka Dopely + CO,77,5,Apparel & Accessory,"Pet Clothing and Accessories, E-commerce Retail",https://www.instagram.com/cocoandgooch/?hl=en
Common Hill dba. NY Discounts,88,3,Apparel & Accessory,"Selling goods on Amazon, Walmart and eBay",https://www.buzzfile.com/business/NY-Discounts-347-452-4303
Corridor,77,1,Apparel & Accessory,"Menswear, +Design, E-commerce Retail",https://corridornyc.com/
Courtney Washington,209,1,Apparel & Accessory,Womenswear,https://www.instagram.com/thecourtneywashington/?hl=en
Crye Precision,,251,Apparel & Accessory,"Specialty, Military, Luxury",https://www.cryeprecision.com/
Dear 55 Inc aka Dear: RIvington,77,5,Apparel & Accessory,"Wearable Avant Garde, Vintage & Antique, Home Goods, Ceramics",https://www.dearrivington.com/
DownTown Products Co Inc,88,6,Apparel & Accessory,"Bedding articles, light manufacturing and warehousing",https://downtowncompany.com/
ECCO,212,14,Apparel & Accessory,"Leather Goods, Footwear, Bags, Handbags, Manufacture high quantity of samples and prototypes on-site, E-commerce Retail",https://us.ecco.com/
"GBS Supplies, Inc. aka EZ Sewing",88,7,Apparel & Accessory,Industrial Sewing Machine parts and supply,https://www.ezsewingcraft.com/
Gevalia Mikayla Reece,,,Apparel & Accessory,Selling luxury clothing items,
Hip Hop Closet,,,Apparel & Accessory,"Clothing, Streetwear, Small Goods, Footwear, makes and/or finishes some products (sheepskin coats) on site, majority of business is distribution, E-commerce Retail",
Home Record LLC aka Homer,212,4,Apparel & Accessory,"Jewelry, Luxury, Artificial Diamonds, +Design",https://www.homer.com/
Jasco Designs aka Lily Nily,33,1,Apparel & Accessory,"Jewelry, E-commerce Retail",https://www.lilynily.com/
JayDee Group USA Inc.,33,8,Apparel & Accessory,"Specialty, Construction & Safety Gear & Supplies",http://jaydeeusa.com/
Jeeves of New York,303,9,Apparel & Accessory,"Dry Cleaning, Tailoring",https://www.jeevesofbelgravia.com/newyork/
Joseph Sports,240,1,Apparel & Accessory,"Clothing, Streetwear",
Justin Paul aka Campos Bags,88,2,Apparel & Accessory,Bags & Handbags,https://justinpaulbags.com/
Kaos Kapital Co aka Fydelity,212,2,Apparel & Accessory,"Small Goods, Novelty, Manufacture high quantity of samples and prototypes on-site",
Karlas & Emmas Knits AND Accurate Knitting,88,40,Apparel & Accessory,Clothing,
Keane New York aka Colin Keane Lynch,209,4,Apparel & Accessory,Glass Jewelry,https://www.keanenewyork.com/
KIC NYC,240,6,Apparel & Accessory,"Clothing, Streetwear, Screenprinting, Embroidery, E-commerce Retail",www.kicnyc.com
Kingbridge Cleaners & Tailors,209,33,Apparel & Accessory,"Dry Cleaning, Tailoring",https://kingbridge.co/
Kirrin Finch,77,16,Apparel & Accessory,"Clothing, Suits, Specialty, Menswear for Women, Nonbinary & Trans, Most production in Italy, Founder Speaker, E-commerce Retail",https://kirrinfinch.com/
Lafayette 148 New York,77,153,Apparel & Accessory,"Womenswear, Accessories, Luxury; Manufacture high quantity of samples on-site, most production in China, E-commerce Retail",http://e148.com/
MARCO BAGA Studio,77,1,Apparel & Accessory,"Bags, Handbags, E-commerce Retail",https://marcobaga.com/
Michael H Berkowitz,,,Apparel & Accessory,"Lease amendment (renewal & extension) notice in September 2024.

Industry: Services, Artists, & Designers, Sub Industry: Apparel & Accessory",
MILFDAD,77,2,Apparel & Accessory,"Shipping and receiving, clothing brand storage and office, photography",https://milfdad.com/
Mixed by Nasrin,77,4,Apparel & Accessory,"Womenswear, +Design, Manufacture high quantity of samples on-site, most production in India, E-commerce Retail",https://mixedbynasrin.com/
PiccoliNY,88,9,Apparel & Accessory,"Clothing, Childrens, Novelty, Small Goods, +Design, E-commerce Retail",https://piccolinyshop.com/
Rebel Designs,77,8,Apparel & Accessory,"Jewelry, E-commerce Retail",https://rebeldesignsonline.com/
Rose Solomon Co.,70,25,Apparel & Accessory,"Specialty, Jewish Funerary",https://www.jewish-funerals.org/tachrichim-suppliers/
Sartorous,86,8,Apparel & Accessory,"Menswear Specialty Accessories, Suspenders, Garters, Gloves, Retail",http://sartorous.com/
Shmurda Inc (dba Mister Plug aka Mr. Plug NYC),77,1,Apparel & Accessory,Selling and inventory for e-commerce business focused on collectible sneakers and streetwear,https://www.instagram.com/mister.plug/
Stock Vintage,86,1,Apparel & Accessory,"Menswear, Vintage & Antique",https://www.instagram.com/stockvintagenyc/?hl=en
Supreme akak CHAPTER 4 CORP.,88,22,Apparel & Accessory,"Menswear, Streetwear, E-commerce Retail",https://us.supreme.com/
Trendy Accessories Manufacturing,88,2,Apparel & Accessory,"Handbags, Belts, Dog leashes, Wallets, B2B for Fashion Industry",https://www.trendyac.com/
Tunji Dada,140,1,Apparel & Accessory,Trenchcoats,https://tunjidada.com/
Velvet Caviar,77,12,Apparel & Accessory,"Phone Cases, +Design, E-commerce Retail",https://velvetcaviar.com/
W N Z NY,88,2,Apparel & Accessory,"Purchase, storage and resale of apparels; printing; embroidery",
Zero + Maria Cornejo,140,3,Apparel & Accessory,Fashion design and archives,
66s Fusion,70,2,Food & Beverage,"Specialty - Asian, Offices for Flushing Ave restaurant",https://www.66sfusion.com/
Agger Fish Corp,"344,365,366",28,Food & Beverage,"Fish, Specialty - Monkfish, Event Rental Splace",https://yalealumnimagazine.org/articles/4564-marc-agger
"Aligned Food Systems, Inc. dba SIMULATE",77,,Food & Beverage,Nutrition technology startup that makes chicken-like nuggets from plants,
Allied Importers,88,2,Food & Beverage,"Wine, Spirits",http://alliedimporters.com/
Applied Adaptogens aka Nothing Special,100,3,Food & Beverage,"Non-alcoholic Beverage, Kava",https://enjoynothingspecial.com/
ATZ Trading Inc,70,30,Food & Beverage,Restaurant Supply,https://www.atztrade.com/
B. Stuyvesant Champagne,212,3,Food & Beverage,"Champagne, Wine, E-commerce Retail",https://www.stuyvesantchampagne.com/
Barnett Spices of NY,140,5,Food & Beverage,"Herbs, Spices",https://www.dandb.com/businessdirectory/barnettspicesofnyinc-brooklyn-ny-10759733.html
Bluestone Lane,77,3,Food & Beverage,"Coffee, E-commerce Retail",https://bluestonelane.com/
Bonbite ,"94,95",5,Food & Beverage,"Catering, On-site Kitchen, Food Product/Brand Incubator",https://www.bonbitenyc.com/
Brooklyn Grange,88,45,Food & Beverage,"Urban Farming, Event Rental Space, Sustainability, Hot Sauce, Retail",https://www.brooklyngrangefarm.com/
Brooklyn Roasting Company,102,10,Food & Beverage,"Coffee, Roaster, E-commerce Retail",https://brooklynroasting.com/
Hungry House,,,Food & Beverage,"Ghost Kitchen, Featured Chefs, The Market @77, Food Service Only",
Jalapa Jar,77,15,Food & Beverage,"Salsa, The Market @ 77, Food Service - Tex Mex, Catering, E-commerce Retail",https://www.jalapajar.com/
JNC International,,,Food & Beverage,Snack packaging and distribution.,
Kim C Market aka Sulsung Foods,303,8,Food & Beverage,"Specialty - Korean, E-commerce Retail",https://kimcmarket.com/?gclid=Cj0KCQiA0oagBhDHARIsAI-BbgdAZHuxHhGzAfbyZWRlrRqV9R85O1d0RvcPjy8jJKr-9GHQNM4g8NIaArWXEALw_wcB
Kings County Distillery,"213,301,302",11,Food & Beverage,"Whiskey, Distillery, Retail, Event Rental Space, Gatehouses @Sands Street Gate, E-commerce Retail",https://www.kingscountydistillery.com/
Kitsby,77,1,Food & Beverage,"Food Kits, E-commerce Retail",https://www.kitsby.com/
Kubota North America Corporation,77,2,Food & Beverage,"Indoor farming, showroom, and general executive office",
La Rossi Pizza,"94,95",3,Food & Beverage,"Prepared & Frozen, E-commerce Retail",https://larossipizza.com/
Lil Sweet Treat,77,15,Food & Beverage,Candy Importer and Retailer,https://lilsweettreat.com/password
Maribels Sweets,77,30,Food & Beverage,"Confectionary, Chocolate, Retail",https://mariebelle.com/
Martine's Wines aka Eight Bottles,,,Food & Beverage,"Industry: Manufacturers & Distributors, Sub Industry: Food & Bev",
Packaging Plus USA,33,,Food & Beverage,Packaging supply warehousing,
Pizza Yard,77,4,Food & Beverage,"Specialty - Pizza, The Market @77, Food Service Only",https://www.pizzayard.nyc/
Re-Nuble,100,7,Food & Beverage,Hydroponic food supplies & mats; Sustainability,https://re-nuble.com/
Russ & Daughters,77,45,Food & Beverage,"Specialty - Jewish Appetizing, Bagels and Lox, Retail, The Market @77, E-commerce Retail",https://www.russanddaughterscafe.com/
Rustik,77,6,Food & Beverage,"Specialty - New American, Bar, The Market @77, Food Service Only",https://www.rustiktavern.com/brooklyn-navy-yard
Sabor Restaurant & Bakery,77,3,Food & Beverage,"Specialty - Dominican, Lunch, The Market @77, Food Service Only, No Kitchen",https://saborrestaurantbakerynyc.com/
Shewolf Bakery,77,1,Food & Beverage,"Baked Goods, Retail, The Market @77",https://www.shewolfbakery.com/
Stick With Me Sweets,303,1,Food & Beverage,"Confectionary, Chocolate, E-commerce Retail",https://swmsweets.com/
Tart Vinegar aka Whatever Mom,77,1,Food & Beverage,"Specialty Vinegar, E-commerce Retail",https://tartvinegar.com/
Te Company aka Te Parlor,303,7,Food & Beverage,"Specialty Tea, Tea Sets, Retail, E-commerce Retail",https://tecompanytea.com/
The Pickle Guys ,77,2,Food & Beverage,Making pickled goods,
Transmitter Brewing,77,5,Food & Beverage,"Beer, Brewery, Retail, The Market @77",https://www.transmitterbrewing.com/
Asa Pingree,240,4,Furniture & Home Goods,"Sculptural chairs, benches, decor",http://asapingree.com/
Asher Isrealow,,1,Furniture & Home Goods,Architectural Furniture,http://www.asherisraelow.com/
AVO Studio,340,8,Furniture & Home Goods,"Leather & Woven Rugs & Surfaces, E-commerce Retail",https://www.avoavo.com/
Barry Rust,70,1,Furniture & Home Goods,"Woodwork, Banjos, Ukeleles, Small Vessels, Kitchen Goods, E-commerce Retail",https://www.greatplainshandmade.com/
Benjamin Kapoor Studio LLC,240,1,Furniture & Home Goods,"Furniture art pieces - studio creating chairs, sculptures, paintings",https://www.benjaminkapoor.com/
Bob & Sons Refinishing,140,2,Furniture & Home Goods,"Restoration, Refinishing, Upholstery, Furniture",https://www.bandsrefinishingny.com/
Bone Simple Design,212,7,Furniture & Home Goods,Lighting Design and Manufacturing,https://www.bonesimple.com/
Cartwright New York,88,6,Furniture & Home Goods,Lighting,https://www.cartwrightny.com/
Chapter & Verse,77,5,Furniture & Home Goods,Design & fabrication services,https://chapterandversenyc.com/
Chase Office Supply and B&F Office Furniture,88,45,Furniture & Home Goods,New and Used Office Furniture and Supplies,http://www.chaseofficesupply.com/
Circle Studio,212,4,Furniture & Home Goods,"Window treatments for residential, commercial, and film clients",
dform design,86,4,Furniture & Home Goods,Lighting Fixtures and Screens,https://dformdesign.com/
Double R Design,77,2,Furniture & Home Goods,Interior design and furniture design,https://doublerdesign.net/
Egg Collective,86,33,Furniture & Home Goods,"Tables, Seating, Lighting, Rugs, Storage, Small Home Goods, Designer Rep",https://www.eggcollective.com/
Emme Essentials,77,1,Furniture & Home Goods,"Home Fragrance, Candles, Non-toxic, E-commerce Retail",https://emmenyc.com/
Eny Lee Parker,77,1,Furniture & Home Goods,"Spatial (interior) designer of objects, furniture, and lighting; frequent medium: clay",https://www.enyleeparker.com/
European Arts Design,88,1,Furniture & Home Goods,"Tablecloths, Handtowels",https://www.finetablecloths.com/
Evan Z. Crane,88,4,Furniture & Home Goods,Woodworking & Metal Fabrication,https://www.evanzcrane.com/
F. Schumacher & Co.,77,16,Furniture & Home Goods,"Artisanal small-batch
wallpaper and textiles and Design Studio",https://fschumacher.com/
Guilad Office of Design dba Good Office of Design,140,3,Furniture & Home Goods,"Ceramic home goods, Industrial Materials Design Resarch Studio, Sustainable",https://www.goodofficeofdesign.com/
Haining Made LLC,86,1,Furniture & Home Goods,"Woodworking, Lighting, Objects, Small Furniture",https://www.richardhaining.com/
Haptic Lab,212,4,Furniture & Home Goods,"Soft Goods, Textiles, Quilts, B Corp, E-commerce Retail",https://www.hapticlab.com/
Hollow Metal Factory Outlet Inc dba Doormart USA,360,1,Furniture & Home Goods,Door Distributor,https://www.doormartusa.com/
Hospitality Openings,292,,Furniture & Home Goods,Supplier of Hotel Doors and Entryway Hardware, http://www.hopenings.com/
IP Woodwork aka Palo Samko,88,5,Furniture & Home Goods,Wood Furniture,http://www.palosamko.com/
Karol Cylwik Woodworking,88,5,Furniture & Home Goods,Wood Furniture,https://www.facebook.com/p/Karol-Cylwik-Woodworking-100066756853340/
Leon McKay and Francesca Pecchenino D/B/A Saint Leo,86,,Furniture & Home Goods,,https://www.saintleo.co/about
Leopold Strulovic aka City View Blinds,77,1,Furniture & Home Goods,Window treatments?,https://www.dnb.com/business-directory/company-profiles.city_view_blinds_of_ny_inc.0e7f82c9c0b9488d8fd0095bf9999b94.html
Lit Brooklyn,77,1,Furniture & Home Goods,"Candles, Non-toxic, E-commerce Retail",https://www.powerofgirl.com/denequa-williams
Luxholdups aka Hey Butler LLC,"94,303",6,Furniture & Home Goods,"Small Home Fixtures and Goods, Specialty - Lucite, E-commerce Retail",https://www.etsy.com/shop/LuxHoldups
Ojas,86,4,Furniture & Home Goods,"Audio Equipment, Speakers, Manufacturing through modification, Audiophile distribution",https://ojas.nyc/
Ori Living,212,11,Furniture & Home Goods,"Design and prototyping of robotic furniture and systems for interiors, Satellite office of national firm",https://www.oriliving.com/
Osprey Studio,240,1,Furniture & Home Goods,"Ceramic Goods, Furniture Design and Architect, Sustainable",https://biancosplanco.com/
Pagani Studio,140,10,Furniture & Home Goods,Lighting Fixtures,http://paganistudio.com/
Paula Rubenstein,209,1,Furniture & Home Goods,"Sales and Restoration, Textiles and Small Antiques",https://goop.com/place/new-york/new-york-city/noho-shops/paula-rubenstein/
Poritz & Studio,77,3,Furniture & Home Goods,"Wood Furniture, Ceramics, Sculpture, E-commerce Retail",https://aaronporitz.com/
Robert Martin Designs INC,280,,Furniture & Home Goods,Wood Furniture, https://www.rmdfurniture.com/
RockPaperRobot,100,1,Furniture & Home Goods,Chairs,https://rockpaperrobot.com/
S&G Fine Chair Collection,88,9,Furniture & Home Goods,"Custom Finishing and Upholstery, Dining Room Chairs and Benches",http://sgfinechair.com/
Scott Jordan Furniture,140,8,Furniture & Home Goods,"Sofa Beds, Bed Frames, Custom Cabinetry",https://www.scottjordan.com/
SIN aka Virgina Sin Enterprises,77,12,Furniture & Home Goods,"Ceramic and Clay Decor and Tableware, E-commerce Retail",https://virginiasin.com/
Skilset,86,9,Furniture & Home Goods,"Wood, Plaster Fixtures and Decor",https://skilset.net/
Stanton Nichols Manufacturing,88,5,Furniture & Home Goods,Woodworking,http://www.stantonnicholsmfg.com/
Steph Mantis,86,2,Furniture & Home Goods,"Specialty Themed Small Goods, Pizza Art, Microscope Art, E-commerce Retail",https://stephmantis.com/
Stitch NYC,88,13,Furniture & Home Goods,Custom Finishing and Upholstery,https://stitchnycinc.com/about
Stitchroom,303,18,Furniture & Home Goods,Custom Finishing and Upholstery,https://www.stitchroom.com/
The Sealab,88,6,Furniture & Home Goods,"Interior millwork, cabinets and furniture",https://www.thesealab.com/
Tom Edmonds,88,21,Furniture & Home Goods,Wood Furniture and Decor,https://www.instagram.com/tomredmonds/?hl=en
Triple J Bedding aka Ruckel Mfg. Co.,88,11,Furniture & Home Goods,Institutional bedding manufacturer and wholesale distributor,
Turntable Lab,88,30,Furniture & Home Goods,"Records, Audio Equipment, Record and Audio Storage Equipment, E-commerce Retail",https://www.turntablelab.com/
UBR Studio,77,2,Furniture & Home Goods,Architectural Home Objects,https://ubrstudio.com/
Uppeal LLC,303,4,Furniture & Home Goods,"Prototyping, production and fulfillment of adjustable height desks",https://l.facebook.com/l.php?u=https%3A%2F%2Fwww.uppealdesign.com%2F%3Ffbclid%3DIwZXh0bgNhZW0CMTAAYnJpZBExa2FkQkxFa2hMemtnb25kcAEe--OeZev9ASFmL04r8VR4Qz_yBp1LnUMo5b6S2z1gI1zNG0LtIP7E2c36fY4_aem_qQP5Np8YCeVrjkaUTNQ0PA&h=AT0TT2ceWM4j2YiyjkZvo4G1o0VAHa6bK3iirwLX9ULFBK8398RRpUeYWiglupFe3L35QQDw7WjETbFMi9gKDblVwbF7iPnSvPO2n3YgV8NesBP8aFmNxgCO4KvTECMHml8
Waxwing Studio,86,1,Furniture & Home Goods,"Woodworking, Freestanding Furniture",https://www.seekingwaxwing.com/
Work at Hand,77,2,Furniture & Home Goods,"Wood Furniture, Decor, E-commerce Retail",https://www.workathand.nyc/
Ziptech Office Solutions,240,2,Furniture & Home Goods,Office Supplies,https://opencorporates.com/companies/us_ny/4015571
Empire Medical Supplies aka Empire Dental Supplies,88,1,Healthcare,"Dental & Medical Supplies, Some Service and Repair",https://www.empiredentalsupplies.com/
NYOrtho aka NY Orthopedic USA,140,50,Healthcare,"Safety, positioning, pressure relief, and erogonomic products for rehab and wheelchair use",https://www.nyorthousa.com/
Ponto Care,100,1,Healthcare,"Medical, Exams",https://www.ponto.care/
Sherman Abrams Laboratory,33,150,Healthcare,Clinical diagnostic laboratory services,https://shermanabrams.com/
Woodley Equipment Company,212,5,Healthcare,"Supplier and Servicer of Medical, Lab Diagnostics, and Veterinary Equipment",https://www.woodleyequipment.com/
Cosmopro Corp.,88,3,Beauty & Personal Care,Wholesale of cosmetic goods,https://www.cosmoprofbeauty.com/
D.S. & Durga,77,18,Beauty & Personal Care,"Perfume & Perfumed Lotion, Candles, E-commerce Retail",https://www.dsanddurga.com/
Everyday Group dba Noah Storage,88,25,Beauty & Personal Care,"Food, Beauty, Some Home Goods",
Homeio LLC,,,Beauty & Personal Care,Dietary Supplements,
Naturisme Cosmetics,209,3,Beauty & Personal Care,Product development and small unit production of cosmetics,https://naturismecosmetics.com/?srsltid=AfmBOorRf7aAhO6Hd2qs_qwmvAsTgP2MsrOfFxY_Egibm-zeaUXEv4CW
Next Step Lab,212,13,Beauty & Personal Care,"Chemical Formulations for Hair Care, Body Care, Face Care, Cosmetics, Sunscreen",https://www.nextsteplab.com/
Scully's Wonderful Stuff,240,6,Beauty & Personal Care,"Deodorant, Sanitizer, Organic, E-commerce Retail",https://scullyswonderfulstuff.com/